county,office,district,party,candidate,votes
ADAMS,U.S. Senate,,Democratic Party,Andrew Romanoff,27254
ALAMOSA,U.S. Senate,,Democratic Party,Andrew Romanoff,927
ARAPAHOE,U.S. Senate,,Democratic Party,Andrew Romanoff,47231
ARCHULETA,U.S. Senate,,Democratic Party,Andrew Romanoff,592
BACA,U.S. Senate,,Democratic Party,Andrew Romanoff,107
BENT,U.S. Senate,,Democratic Party,Andrew Romanoff,176
BOULDER,U.S. Senate,,Democratic Party,Andrew Romanoff,48751
BROOMFIELD,U.S. Senate,,Democratic Party,Andrew Romanoff,7471
CHAFFEE,U.S. Senate,,Democratic Party,Andrew Romanoff,1736
CHEYENNE,U.S. Senate,,Democratic Party,Andrew Romanoff,32
CLEAR CREEK,U.S. Senate,,Democratic Party,Andrew Romanoff,843
CONEJOS,U.S. Senate,,Democratic Party,Andrew Romanoff,530
COSTILLA,U.S. Senate,,Democratic Party,Andrew Romanoff,454
CROWLEY,U.S. Senate,,Democratic Party,Andrew Romanoff,75
CUSTER,U.S. Senate,,Democratic Party,Andrew Romanoff,218
DELTA,U.S. Senate,,Democratic Party,Andrew Romanoff,1469
DENVER,U.S. Senate,,Democratic Party,Andrew Romanoff,87547
DOLORES,U.S. Senate,,Democratic Party,Andrew Romanoff,88
DOUGLAS,U.S. Senate,,Democratic Party,Andrew Romanoff,18816
EAGLE,U.S. Senate,,Democratic Party,Andrew Romanoff,3040
EL PASO,U.S. Senate,,Democratic Party,Andrew Romanoff,28563
ELBERT,U.S. Senate,,Democratic Party,Andrew Romanoff,1021
FREMONT,U.S. Senate,,Democratic Party,Andrew Romanoff,1634
GARFIELD,U.S. Senate,,Democratic Party,Andrew Romanoff,2768
GILPIN,U.S. Senate,,Democratic Party,Andrew Romanoff,584
GRAND,U.S. Senate,,Democratic Party,Andrew Romanoff,831
GUNNISON,U.S. Senate,,Democratic Party,Andrew Romanoff,1482
HINSDALE,U.S. Senate,,Democratic Party,Andrew Romanoff,30
HUERFANO,U.S. Senate,,Democratic Party,Andrew Romanoff,622
JACKSON,U.S. Senate,,Democratic Party,Andrew Romanoff,28
JEFFERSON,U.S. Senate,,Democratic Party,Andrew Romanoff,52488
KIOWA,U.S. Senate,,Democratic Party,Andrew Romanoff,34
KIT CARSON,U.S. Senate,,Democratic Party,Andrew Romanoff,126
LA PLATA,U.S. Senate,,Democratic Party,Andrew Romanoff,3633
LAKE,U.S. Senate,,Democratic Party,Andrew Romanoff,560
LARIMER,U.S. Senate,,Democratic Party,Andrew Romanoff,27681
LAS ANIMAS,U.S. Senate,,Democratic Party,Andrew Romanoff,913
LINCOLN,U.S. Senate,,Democratic Party,Andrew Romanoff,98
LOGAN,U.S. Senate,,Democratic Party,Andrew Romanoff,544
MESA,U.S. Senate,,Democratic Party,Andrew Romanoff,6134
MINERAL,U.S. Senate,,Democratic Party,Andrew Romanoff,80
MOFFAT,U.S. Senate,,Democratic Party,Andrew Romanoff,213
MONTEZUMA,U.S. Senate,,Democratic Party,Andrew Romanoff,1102
MONTROSE,U.S. Senate,,Democratic Party,Andrew Romanoff,1690
MORGAN,U.S. Senate,,Democratic Party,Andrew Romanoff,694
OTERO,U.S. Senate,,Democratic Party,Andrew Romanoff,628
OURAY,U.S. Senate,,Democratic Party,Andrew Romanoff,667
PARK,U.S. Senate,,Democratic Party,Andrew Romanoff,1000
PHILLIPS,U.S. Senate,,Democratic Party,Andrew Romanoff,100
PITKIN,U.S. Senate,,Democratic Party,Andrew Romanoff,1369
PROWERS,U.S. Senate,,Democratic Party,Andrew Romanoff,290
PUEBLO,U.S. Senate,,Democratic Party,Andrew Romanoff,9396
RIO BLANCO,U.S. Senate,,Democratic Party,Andrew Romanoff,81
RIO GRANDE,U.S. Senate,,Democratic Party,Andrew Romanoff,479
ROUTT,U.S. Senate,,Democratic Party,Andrew Romanoff,1575
SAGUACHE,U.S. Senate,,Democratic Party,Andrew Romanoff,694
SAN JUAN,U.S. Senate,,Democratic Party,Andrew Romanoff,50
SAN MIGUEL,U.S. Senate,,Democratic Party,Andrew Romanoff,916
SEDGWICK,U.S. Senate,,Democratic Party,Andrew Romanoff,70
SUMMIT,U.S. Senate,,Democratic Party,Andrew Romanoff,2054
TELLER,U.S. Senate,,Democratic Party,Andrew Romanoff,889
WASHINGTON,U.S. Senate,,Democratic Party,Andrew Romanoff,69
WELD,U.S. Senate,,Democratic Party,Andrew Romanoff,11477
YUMA,U.S. Senate,,Democratic Party,Andrew Romanoff,241
ADAMS,U.S. Senate,,Democratic Party,John W. Hickenlooper,39364
ALAMOSA,U.S. Senate,,Democratic Party,John W. Hickenlooper,1535
ARAPAHOE,U.S. Senate,,Democratic Party,John W. Hickenlooper,69835
ARCHULETA,U.S. Senate,,Democratic Party,John W. Hickenlooper,1355
BACA,U.S. Senate,,Democratic Party,John W. Hickenlooper,132
BENT,U.S. Senate,,Democratic Party,John W. Hickenlooper,274
BOULDER,U.S. Senate,,Democratic Party,John W. Hickenlooper,52282
BROOMFIELD,U.S. Senate,,Democratic Party,John W. Hickenlooper,9550
CHAFFEE,U.S. Senate,,Democratic Party,John W. Hickenlooper,2852
CHEYENNE,U.S. Senate,,Democratic Party,John W. Hickenlooper,46
CLEAR CREEK,U.S. Senate,,Democratic Party,John W. Hickenlooper,1279
CONEJOS,U.S. Senate,,Democratic Party,John W. Hickenlooper,974
COSTILLA,U.S. Senate,,Democratic Party,John W. Hickenlooper,714
CROWLEY,U.S. Senate,,Democratic Party,John W. Hickenlooper,187
CUSTER,U.S. Senate,,Democratic Party,John W. Hickenlooper,425
DELTA,U.S. Senate,,Democratic Party,John W. Hickenlooper,2065
DENVER,U.S. Senate,,Democratic Party,John W. Hickenlooper,99976
DOLORES,U.S. Senate,,Democratic Party,John W. Hickenlooper,96
DOUGLAS,U.S. Senate,,Democratic Party,John W. Hickenlooper,34057
EAGLE,U.S. Senate,,Democratic Party,John W. Hickenlooper,6116
EL PASO,U.S. Senate,,Democratic Party,John W. Hickenlooper,47828
ELBERT,U.S. Senate,,Democratic Party,John W. Hickenlooper,1616
FREMONT,U.S. Senate,,Democratic Party,John W. Hickenlooper,2506
GARFIELD,U.S. Senate,,Democratic Party,John W. Hickenlooper,4861
GILPIN,U.S. Senate,,Democratic Party,John W. Hickenlooper,739
GRAND,U.S. Senate,,Democratic Party,John W. Hickenlooper,1583
GUNNISON,U.S. Senate,,Democratic Party,John W. Hickenlooper,1985
HINSDALE,U.S. Senate,,Democratic Party,John W. Hickenlooper,86
HUERFANO,U.S. Senate,,Democratic Party,John W. Hickenlooper,944
JACKSON,U.S. Senate,,Democratic Party,John W. Hickenlooper,53
JEFFERSON,U.S. Senate,,Democratic Party,John W. Hickenlooper,77250
KIOWA,U.S. Senate,,Democratic Party,John W. Hickenlooper,51
KIT CARSON,U.S. Senate,,Democratic Party,John W. Hickenlooper,219
LA PLATA,U.S. Senate,,Democratic Party,John W. Hickenlooper,6937
LAKE,U.S. Senate,,Democratic Party,John W. Hickenlooper,678
LARIMER,U.S. Senate,,Democratic Party,John W. Hickenlooper,39417
LAS ANIMAS,U.S. Senate,,Democratic Party,John W. Hickenlooper,1507
LINCOLN,U.S. Senate,,Democratic Party,John W. Hickenlooper,174
LOGAN,U.S. Senate,,Democratic Party,John W. Hickenlooper,935
MESA,U.S. Senate,,Democratic Party,John W. Hickenlooper,10194
MINERAL,U.S. Senate,,Democratic Party,John W. Hickenlooper,142
MOFFAT,U.S. Senate,,Democratic Party,John W. Hickenlooper,327
MONTEZUMA,U.S. Senate,,Democratic Party,John W. Hickenlooper,1809
MONTROSE,U.S. Senate,,Democratic Party,John W. Hickenlooper,2628
MORGAN,U.S. Senate,,Democratic Party,John W. Hickenlooper,1158
OTERO,U.S. Senate,,Democratic Party,John W. Hickenlooper,1348
OURAY,U.S. Senate,,Democratic Party,John W. Hickenlooper,882
PARK,U.S. Senate,,Democratic Party,John W. Hickenlooper,1647
PHILLIPS,U.S. Senate,,Democratic Party,John W. Hickenlooper,180
PITKIN,U.S. Senate,,Democratic Party,John W. Hickenlooper,3123
PROWERS,U.S. Senate,,Democratic Party,John W. Hickenlooper,501
PUEBLO,U.S. Senate,,Democratic Party,John W. Hickenlooper,17270
RIO BLANCO,U.S. Senate,,Democratic Party,John W. Hickenlooper,137
RIO GRANDE,U.S. Senate,,Democratic Party,John W. Hickenlooper,909
ROUTT,U.S. Senate,,Democratic Party,John W. Hickenlooper,4076
SAGUACHE,U.S. Senate,,Democratic Party,John W. Hickenlooper,604
SAN JUAN,U.S. Senate,,Democratic Party,John W. Hickenlooper,122
SAN MIGUEL,U.S. Senate,,Democratic Party,John W. Hickenlooper,1059
SEDGWICK,U.S. Senate,,Democratic Party,John W. Hickenlooper,110
SUMMIT,U.S. Senate,,Democratic Party,John W. Hickenlooper,4073
TELLER,U.S. Senate,,Democratic Party,John W. Hickenlooper,1744
WASHINGTON,U.S. Senate,,Democratic Party,John W. Hickenlooper,121
WELD,U.S. Senate,,Democratic Party,John W. Hickenlooper,18871
YUMA,U.S. Senate,,Democratic Party,John W. Hickenlooper,308
ADAMS,U.S. Senate,,Republican Party,Cory Gardner,31981
ALAMOSA,U.S. Senate,,Republican Party,Cory Gardner,1778
ARAPAHOE,U.S. Senate,,Republican Party,Cory Gardner,49998
ARCHULETA,U.S. Senate,,Republican Party,Cory Gardner,2400
BACA,U.S. Senate,,Republican Party,Cory Gardner,913
BENT,U.S. Senate,,Republican Party,Cory Gardner,654
BOULDER,U.S. Senate,,Republican Party,Cory Gardner,16381
BROOMFIELD,U.S. Senate,,Republican Party,Cory Gardner,7142
CHAFFEE,U.S. Senate,,Republican Party,Cory Gardner,2882
CHEYENNE,U.S. Senate,,Republican Party,Cory Gardner,552
CLEAR CREEK,U.S. Senate,,Republican Party,Cory Gardner,1034
CONEJOS,U.S. Senate,,Republican Party,Cory Gardner,1129
COSTILLA,U.S. Senate,,Republican Party,Cory Gardner,202
CROWLEY,U.S. Senate,,Republican Party,Cory Gardner,747
CUSTER,U.S. Senate,,Republican Party,Cory Gardner,1240
DELTA,U.S. Senate,,Republican Party,Cory Gardner,6019
DENVER,U.S. Senate,,Republican Party,Cory Gardner,23717
DOLORES,U.S. Senate,,Republican Party,Cory Gardner,489
DOUGLAS,U.S. Senate,,Republican Party,Cory Gardner,46167
EAGLE,U.S. Senate,,Republican Party,Cory Gardner,3242
EL PASO,U.S. Senate,,Republican Party,Cory Gardner,87550
ELBERT,U.S. Senate,,Republican Party,Cory Gardner,5757
FREMONT,U.S. Senate,,Republican Party,Cory Gardner,8331
GARFIELD,U.S. Senate,,Republican Party,Cory Gardner,6492
GILPIN,U.S. Senate,,Republican Party,Cory Gardner,618
GRAND,U.S. Senate,,Republican Party,Cory Gardner,2045
GUNNISON,U.S. Senate,,Republican Party,Cory Gardner,1636
HINSDALE,U.S. Senate,,Republican Party,Cory Gardner,202
HUERFANO,U.S. Senate,,Republican Party,Cory Gardner,977
JACKSON,U.S. Senate,,Republican Party,Cory Gardner,390
JEFFERSON,U.S. Senate,,Republican Party,Cory Gardner,59462
KIOWA,U.S. Senate,,Republican Party,Cory Gardner,289
KIT CARSON,U.S. Senate,,Republican Party,Cory Gardner,1721
LA PLATA,U.S. Senate,,Republican Party,Cory Gardner,5383
LAKE,U.S. Senate,,Republican Party,Cory Gardner,424
LARIMER,U.S. Senate,,Republican Party,Cory Gardner,39030
LAS ANIMAS,U.S. Senate,,Republican Party,Cory Gardner,1456
LINCOLN,U.S. Senate,,Republican Party,Cory Gardner,1027
LOGAN,U.S. Senate,,Republican Party,Cory Gardner,3814
MESA,U.S. Senate,,Republican Party,Cory Gardner,26896
MINERAL,U.S. Senate,,Republican Party,Cory Gardner,197
MOFFAT,U.S. Senate,,Republican Party,Cory Gardner,2810
MONTEZUMA,U.S. Senate,,Republican Party,Cory Gardner,4937
MONTROSE,U.S. Senate,,Republican Party,Cory Gardner,7877
MORGAN,U.S. Senate,,Republican Party,Cory Gardner,4144
OTERO,U.S. Senate,,Republican Party,Cory Gardner,2544
OURAY,U.S. Senate,,Republican Party,Cory Gardner,923
PARK,U.S. Senate,,Republican Party,Cory Gardner,3372
PHILLIPS,U.S. Senate,,Republican Party,Cory Gardner,967
PITKIN,U.S. Senate,,Republican Party,Cory Gardner,877
PROWERS,U.S. Senate,,Republican Party,Cory Gardner,1561
PUEBLO,U.S. Senate,,Republican Party,Cory Gardner,14921
RIO BLANCO,U.S. Senate,,Republican Party,Cory Gardner,1775
RIO GRANDE,U.S. Senate,,Republican Party,Cory Gardner,2004
ROUTT,U.S. Senate,,Republican Party,Cory Gardner,2154
SAGUACHE,U.S. Senate,,Republican Party,Cory Gardner,509
SAN JUAN,U.S. Senate,,Republican Party,Cory Gardner,56
SAN MIGUEL,U.S. Senate,,Republican Party,Cory Gardner,388
SEDGWICK,U.S. Senate,,Republican Party,Cory Gardner,527
SUMMIT,U.S. Senate,,Republican Party,Cory Gardner,1852
TELLER,U.S. Senate,,Republican Party,Cory Gardner,5322
WASHINGTON,U.S. Senate,,Republican Party,Cory Gardner,1713
WELD,U.S. Senate,,Republican Party,Cory Gardner,39121
YUMA,U.S. Senate,,Republican Party,Cory Gardner,2088
ADAMS,U.S. Senate,,Libertarian Party,Gaylon Kent,189
ALAMOSA,U.S. Senate,,Libertarian Party,Gaylon Kent,5
ARAPAHOE,U.S. Senate,,Libertarian Party,Gaylon Kent,256
ARCHULETA,U.S. Senate,,Libertarian Party,Gaylon Kent,4
BACA,U.S. Senate,,Libertarian Party,Gaylon Kent,2
BENT,U.S. Senate,,Libertarian Party,Gaylon Kent,2
BOULDER,U.S. Senate,,Libertarian Party,Gaylon Kent,132
BROOMFIELD,U.S. Senate,,Libertarian Party,Gaylon Kent,27
CHAFFEE,U.S. Senate,,Libertarian Party,Gaylon Kent,9
CHEYENNE,U.S. Senate,,Libertarian Party,Gaylon Kent,0
CLEAR CREEK,U.S. Senate,,Libertarian Party,Gaylon Kent,9
CONEJOS,U.S. Senate,,Libertarian Party,Gaylon Kent,2
COSTILLA,U.S. Senate,,Libertarian Party,Gaylon Kent,0
CROWLEY,U.S. Senate,,Libertarian Party,Gaylon Kent,3
CUSTER,U.S. Senate,,Libertarian Party,Gaylon Kent,5
DELTA,U.S. Senate,,Libertarian Party,Gaylon Kent,14
DENVER,U.S. Senate,,Libertarian Party,Gaylon Kent,319
DOLORES,U.S. Senate,,Libertarian Party,Gaylon Kent,0
DOUGLAS,U.S. Senate,,Libertarian Party,Gaylon Kent,174
EAGLE,U.S. Senate,,Libertarian Party,Gaylon Kent,22
EL PASO,U.S. Senate,,Libertarian Party,Gaylon Kent,378
ELBERT,U.S. Senate,,Libertarian Party,Gaylon Kent,21
FREMONT,U.S. Senate,,Libertarian Party,Gaylon Kent,17
GARFIELD,U.S. Senate,,Libertarian Party,Gaylon Kent,22
GILPIN,U.S. Senate,,Libertarian Party,Gaylon Kent,4
GRAND,U.S. Senate,,Libertarian Party,Gaylon Kent,8
GUNNISON,U.S. Senate,,Libertarian Party,Gaylon Kent,9
HINSDALE,U.S. Senate,,Libertarian Party,Gaylon Kent,0
HUERFANO,U.S. Senate,,Libertarian Party,Gaylon Kent,6
JACKSON,U.S. Senate,,Libertarian Party,Gaylon Kent,1
JEFFERSON,U.S. Senate,,Libertarian Party,Gaylon Kent,288
KIOWA,U.S. Senate,,Libertarian Party,Gaylon Kent,1
KIT CARSON,U.S. Senate,,Libertarian Party,Gaylon Kent,1
LA PLATA,U.S. Senate,,Libertarian Party,Gaylon Kent,25
LAKE,U.S. Senate,,Libertarian Party,Gaylon Kent,1
LARIMER,U.S. Senate,,Libertarian Party,Gaylon Kent,197
LAS ANIMAS,U.S. Senate,,Libertarian Party,Gaylon Kent,7
LINCOLN,U.S. Senate,,Libertarian Party,Gaylon Kent,3
LOGAN,U.S. Senate,,Libertarian Party,Gaylon Kent,3
MESA,U.S. Senate,,Libertarian Party,Gaylon Kent,88
MINERAL,U.S. Senate,,Libertarian Party,Gaylon Kent,0
MOFFAT,U.S. Senate,,Libertarian Party,Gaylon Kent,9
MONTEZUMA,U.S. Senate,,Libertarian Party,Gaylon Kent,18
MONTROSE,U.S. Senate,,Libertarian Party,Gaylon Kent,17
MORGAN,U.S. Senate,,Libertarian Party,Gaylon Kent,4
OTERO,U.S. Senate,,Libertarian Party,Gaylon Kent,6
OURAY,U.S. Senate,,Libertarian Party,Gaylon Kent,5
PARK,U.S. Senate,,Libertarian Party,Gaylon Kent,12
PHILLIPS,U.S. Senate,,Libertarian Party,Gaylon Kent,1
PITKIN,U.S. Senate,,Libertarian Party,Gaylon Kent,8
PROWERS,U.S. Senate,,Libertarian Party,Gaylon Kent,3
PUEBLO,U.S. Senate,,Libertarian Party,Gaylon Kent,66
RIO BLANCO,U.S. Senate,,Libertarian Party,Gaylon Kent,2
RIO GRANDE,U.S. Senate,,Libertarian Party,Gaylon Kent,6
ROUTT,U.S. Senate,,Libertarian Party,Gaylon Kent,20
SAGUACHE,U.S. Senate,,Libertarian Party,Gaylon Kent,5
SAN JUAN,U.S. Senate,,Libertarian Party,Gaylon Kent,0
SAN MIGUEL,U.S. Senate,,Libertarian Party,Gaylon Kent,5
SEDGWICK,U.S. Senate,,Libertarian Party,Gaylon Kent,0
SUMMIT,U.S. Senate,,Libertarian Party,Gaylon Kent,8
TELLER,U.S. Senate,,Libertarian Party,Gaylon Kent,16
WASHINGTON,U.S. Senate,,Libertarian Party,Gaylon Kent,4
WELD,U.S. Senate,,Libertarian Party,Gaylon Kent,110
YUMA,U.S. Senate,,Libertarian Party,Gaylon Kent,4
ADAMS,U.S. Senate,,Libertarian Party,Raymon Anthony Doane,306
ALAMOSA,U.S. Senate,,Libertarian Party,Raymon Anthony Doane,2
ARAPAHOE,U.S. Senate,,Libertarian Party,Raymon Anthony Doane,506
ARCHULETA,U.S. Senate,,Libertarian Party,Raymon Anthony Doane,12
BACA,U.S. Senate,,Libertarian Party,Raymon Anthony Doane,0
BENT,U.S. Senate,,Libertarian Party,Raymon Anthony Doane,2
BOULDER,U.S. Senate,,Libertarian Party,Raymon Anthony Doane,255
BROOMFIELD,U.S. Senate,,Libertarian Party,Raymon Anthony Doane,81
CHAFFEE,U.S. Senate,,Libertarian Party,Raymon Anthony Doane,10
CHEYENNE,U.S. Senate,,Libertarian Party,Raymon Anthony Doane,0
CLEAR CREEK,U.S. Senate,,Libertarian Party,Raymon Anthony Doane,9
CONEJOS,U.S. Senate,,Libertarian Party,Raymon Anthony Doane,2
COSTILLA,U.S. Senate,,Libertarian Party,Raymon Anthony Doane,0
CROWLEY,U.S. Senate,,Libertarian Party,Raymon Anthony Doane,2
CUSTER,U.S. Senate,,Libertarian Party,Raymon Anthony Doane,1
DELTA,U.S. Senate,,Libertarian Party,Raymon Anthony Doane,20
DENVER,U.S. Senate,,Libertarian Party,Raymon Anthony Doane,539
DOLORES,U.S. Senate,,Libertarian Party,Raymon Anthony Doane,1
DOUGLAS,U.S. Senate,,Libertarian Party,Raymon Anthony Doane,289
EAGLE,U.S. Senate,,Libertarian Party,Raymon Anthony Doane,27
EL PASO,U.S. Senate,,Libertarian Party,Raymon Anthony Doane,617
ELBERT,U.S. Senate,,Libertarian Party,Raymon Anthony Doane,18
FREMONT,U.S. Senate,,Libertarian Party,Raymon Anthony Doane,21
GARFIELD,U.S. Senate,,Libertarian Party,Raymon Anthony Doane,29
GILPIN,U.S. Senate,,Libertarian Party,Raymon Anthony Doane,7
GRAND,U.S. Senate,,Libertarian Party,Raymon Anthony Doane,9
GUNNISON,U.S. Senate,,Libertarian Party,Raymon Anthony Doane,12
HINSDALE,U.S. Senate,,Libertarian Party,Raymon Anthony Doane,0
HUERFANO,U.S. Senate,,Libertarian Party,Raymon Anthony Doane,5
JACKSON,U.S. Senate,,Libertarian Party,Raymon Anthony Doane,1
JEFFERSON,U.S. Senate,,Libertarian Party,Raymon Anthony Doane,601
KIOWA,U.S. Senate,,Libertarian Party,Raymon Anthony Doane,0
KIT CARSON,U.S. Senate,,Libertarian Party,Raymon Anthony Doane,6
LA PLATA,U.S. Senate,,Libertarian Party,Raymon Anthony Doane,43
LAKE,U.S. Senate,,Libertarian Party,Raymon Anthony Doane,5
LARIMER,U.S. Senate,,Libertarian Party,Raymon Anthony Doane,326
LAS ANIMAS,U.S. Senate,,Libertarian Party,Raymon Anthony Doane,10
LINCOLN,U.S. Senate,,Libertarian Party,Raymon Anthony Doane,5
LOGAN,U.S. Senate,,Libertarian Party,Raymon Anthony Doane,18
MESA,U.S. Senate,,Libertarian Party,Raymon Anthony Doane,99
MINERAL,U.S. Senate,,Libertarian Party,Raymon Anthony Doane,0
MOFFAT,U.S. Senate,,Libertarian Party,Raymon Anthony Doane,6
MONTEZUMA,U.S. Senate,,Libertarian Party,Raymon Anthony Doane,10
MONTROSE,U.S. Senate,,Libertarian Party,Raymon Anthony Doane,30
MORGAN,U.S. Senate,,Libertarian Party,Raymon Anthony Doane,10
OTERO,U.S. Senate,,Libertarian Party,Raymon Anthony Doane,3
OURAY,U.S. Senate,,Libertarian Party,Raymon Anthony Doane,10
PARK,U.S. Senate,,Libertarian Party,Raymon Anthony Doane,17
PHILLIPS,U.S. Senate,,Libertarian Party,Raymon Anthony Doane,1
PITKIN,U.S. Senate,,Libertarian Party,Raymon Anthony Doane,11
PROWERS,U.S. Senate,,Libertarian Party,Raymon Anthony Doane,0
PUEBLO,U.S. Senate,,Libertarian Party,Raymon Anthony Doane,73
RIO BLANCO,U.S. Senate,,Libertarian Party,Raymon Anthony Doane,7
RIO GRANDE,U.S. Senate,,Libertarian Party,Raymon Anthony Doane,5
ROUTT,U.S. Senate,,Libertarian Party,Raymon Anthony Doane,11
SAGUACHE,U.S. Senate,,Libertarian Party,Raymon Anthony Doane,2
SAN JUAN,U.S. Senate,,Libertarian Party,Raymon Anthony Doane,0
SAN MIGUEL,U.S. Senate,,Libertarian Party,Raymon Anthony Doane,4
SEDGWICK,U.S. Senate,,Libertarian Party,Raymon Anthony Doane,0
SUMMIT,U.S. Senate,,Libertarian Party,Raymon Anthony Doane,16
TELLER,U.S. Senate,,Libertarian Party,Raymon Anthony Doane,28
WASHINGTON,U.S. Senate,,Libertarian Party,Raymon Anthony Doane,7
WELD,U.S. Senate,,Libertarian Party,Raymon Anthony Doane,218
YUMA,U.S. Senate,,Libertarian Party,Raymon Anthony Doane,0
ARAPAHOE,U.S. House,1,Democratic Party,Diana DeGette,10475
DENVER,U.S. House,1,Democratic Party,Diana DeGette,165090
JEFFERSON,U.S. House,1,Democratic Party,Diana DeGette,11776
ARAPAHOE,U.S. House,1,Republican Party,Shane Bolling,3442
DENVER,U.S. House,1,Republican Party,Shane Bolling,19470
JEFFERSON,U.S. House,1,Republican Party,Shane Bolling,9264
BOULDER,U.S. House,2,Democratic Party,Joe Neguse,66538
BROOMFIELD,U.S. House,2,Democratic Party,Joe Neguse,15015
CLEAR CREEK,U.S. House,2,Democratic Party,Joe Neguse,1815
EAGLE,U.S. House,2,Democratic Party,Joe Neguse,1954
GILPIN,U.S. House,2,Democratic Party,Joe Neguse,1139
GRAND,U.S. House,2,Democratic Party,Joe Neguse,1996
JEFFERSON,U.S. House,2,Democratic Party,Joe Neguse,16664
LARIMER,U.S. House,2,Democratic Party,Joe Neguse,57068
PARK,U.S. House,2,Democratic Party,Joe Neguse,1120
SUMMIT,U.S. House,2,Democratic Party,Joe Neguse,5084
BOULDER,U.S. House,2,Republican Party,Charlie Winn,8358
BROOMFIELD,U.S. House,2,Republican Party,Charlie Winn,6386
CLEAR CREEK,U.S. House,2,Republican Party,Charlie Winn,923
EAGLE,U.S. House,2,Republican Party,Charlie Winn,538
GILPIN,U.S. House,2,Republican Party,Charlie Winn,556
GRAND,U.S. House,2,Republican Party,Charlie Winn,1725
JEFFERSON,U.S. House,2,Republican Party,Charlie Winn,9359
LARIMER,U.S. House,2,Republican Party,Charlie Winn,35397
PARK,U.S. House,2,Republican Party,Charlie Winn,1421
SUMMIT,U.S. House,2,Republican Party,Charlie Winn,1634
ALAMOSA,U.S. House,3,Democratic Party,James Iacino,1236
ARCHULETA,U.S. House,3,Democratic Party,James Iacino,711
CONEJOS,U.S. House,3,Democratic Party,James Iacino,892
COSTILLA,U.S. House,3,Democratic Party,James Iacino,564
CUSTER,U.S. House,3,Democratic Party,James Iacino,231
DELTA,U.S. House,3,Democratic Party,James Iacino,1352
DOLORES,U.S. House,3,Democratic Party,James Iacino,83
EAGLE,U.S. House,3,Democratic Party,James Iacino,1984
GARFIELD,U.S. House,3,Democratic Party,James Iacino,2383
GUNNISON,U.S. House,3,Democratic Party,James Iacino,1092
HINSDALE,U.S. House,3,Democratic Party,James Iacino,34
HUERFANO,U.S. House,3,Democratic Party,James Iacino,714
JACKSON,U.S. House,3,Democratic Party,James Iacino,23
LA PLATA,U.S. House,3,Democratic Party,James Iacino,3940
LAKE,U.S. House,3,Democratic Party,James Iacino,452
MESA,U.S. House,3,Democratic Party,James Iacino,5486
MINERAL,U.S. House,3,Democratic Party,James Iacino,82
MOFFAT,U.S. House,3,Democratic Party,James Iacino,171
MONTEZUMA,U.S. House,3,Democratic Party,James Iacino,1086
MONTROSE,U.S. House,3,Democratic Party,James Iacino,1740
OURAY,U.S. House,3,Democratic Party,James Iacino,699
PITKIN,U.S. House,3,Democratic Party,James Iacino,1790
PUEBLO,U.S. House,3,Democratic Party,James Iacino,11511
RIO BLANCO,U.S. House,3,Democratic Party,James Iacino,82
RIO GRANDE,U.S. House,3,Democratic Party,James Iacino,625
ROUTT,U.S. House,3,Democratic Party,James Iacino,842
SAGUACHE,U.S. House,3,Democratic Party,James Iacino,494
SAN JUAN,U.S. House,3,Democratic Party,James Iacino,59
SAN MIGUEL,U.S. House,3,Democratic Party,James Iacino,842
ALAMOSA,U.S. House,3,Democratic Party,Diane E. Mitsch Bush,1133
ARCHULETA,U.S. House,3,Democratic Party,Diane E. Mitsch Bush,1133
CONEJOS,U.S. House,3,Democratic Party,Diane E. Mitsch Bush,537
COSTILLA,U.S. House,3,Democratic Party,Diane E. Mitsch Bush,504
CUSTER,U.S. House,3,Democratic Party,Diane E. Mitsch Bush,397
DELTA,U.S. House,3,Democratic Party,Diane E. Mitsch Bush,2036
DOLORES,U.S. House,3,Democratic Party,Diane E. Mitsch Bush,93
EAGLE,U.S. House,3,Democratic Party,Diane E. Mitsch Bush,4468
GARFIELD,U.S. House,3,Democratic Party,Diane E. Mitsch Bush,4927
GUNNISON,U.S. House,3,Democratic Party,Diane E. Mitsch Bush,2163
HINSDALE,U.S. House,3,Democratic Party,Diane E. Mitsch Bush,72
HUERFANO,U.S. House,3,Democratic Party,Diane E. Mitsch Bush,780
JACKSON,U.S. House,3,Democratic Party,Diane E. Mitsch Bush,55
LA PLATA,U.S. House,3,Democratic Party,Diane E. Mitsch Bush,6266
LAKE,U.S. House,3,Democratic Party,Diane E. Mitsch Bush,673
MESA,U.S. House,3,Democratic Party,Diane E. Mitsch Bush,10439
MINERAL,U.S. House,3,Democratic Party,Diane E. Mitsch Bush,118
MOFFAT,U.S. House,3,Democratic Party,Diane E. Mitsch Bush,344
MONTEZUMA,U.S. House,3,Democratic Party,Diane E. Mitsch Bush,1761
MONTROSE,U.S. House,3,Democratic Party,Diane E. Mitsch Bush,2470
OURAY,U.S. House,3,Democratic Party,Diane E. Mitsch Bush,767
PITKIN,U.S. House,3,Democratic Party,Diane E. Mitsch Bush,2485
PUEBLO,U.S. House,3,Democratic Party,Diane E. Mitsch Bush,14420
RIO BLANCO,U.S. House,3,Democratic Party,Diane E. Mitsch Bush,119
RIO GRANDE,U.S. House,3,Democratic Party,Diane E. Mitsch Bush,685
ROUTT,U.S. House,3,Democratic Party,Diane E. Mitsch Bush,4706
SAGUACHE,U.S. House,3,Democratic Party,Diane E. Mitsch Bush,710
SAN JUAN,U.S. House,3,Democratic Party,Diane E. Mitsch Bush,96
SAN MIGUEL,U.S. House,3,Democratic Party,Diane E. Mitsch Bush,1020
ALAMOSA,U.S. House,3,Republican Party,Lauren Boebert,847
ARCHULETA,U.S. House,3,Republican Party,Lauren Boebert,1054
CONEJOS,U.S. House,3,Republican Party,Lauren Boebert,495
COSTILLA,U.S. House,3,Republican Party,Lauren Boebert,76
CUSTER,U.S. House,3,Republican Party,Lauren Boebert,854
DELTA,U.S. House,3,Republican Party,Lauren Boebert,4057
DOLORES,U.S. House,3,Republican Party,Lauren Boebert,304
EAGLE,U.S. House,3,Republican Party,Lauren Boebert,1190
GARFIELD,U.S. House,3,Republican Party,Lauren Boebert,3686
GUNNISON,U.S. House,3,Republican Party,Lauren Boebert,787
HINSDALE,U.S. House,3,Republican Party,Lauren Boebert,117
HUERFANO,U.S. House,3,Republican Party,Lauren Boebert,441
JACKSON,U.S. House,3,Republican Party,Lauren Boebert,192
LA PLATA,U.S. House,3,Republican Party,Lauren Boebert,2672
LAKE,U.S. House,3,Republican Party,Lauren Boebert,192
MESA,U.S. House,3,Republican Party,Lauren Boebert,19095
MINERAL,U.S. House,3,Republican Party,Lauren Boebert,87
MOFFAT,U.S. House,3,Republican Party,Lauren Boebert,1820
MONTEZUMA,U.S. House,3,Republican Party,Lauren Boebert,2756
MONTROSE,U.S. House,3,Republican Party,Lauren Boebert,5639
OURAY,U.S. House,3,Republican Party,Lauren Boebert,463
PITKIN,U.S. House,3,Republican Party,Lauren Boebert,329
PUEBLO,U.S. House,3,Republican Party,Lauren Boebert,8119
RIO BLANCO,U.S. House,3,Republican Party,Lauren Boebert,1245
RIO GRANDE,U.S. House,3,Republican Party,Lauren Boebert,767
ROUTT,U.S. House,3,Republican Party,Lauren Boebert,898
SAGUACHE,U.S. House,3,Republican Party,Lauren Boebert,242
SAN JUAN,U.S. House,3,Republican Party,Lauren Boebert,28
SAN MIGUEL,U.S. House,3,Republican Party,Lauren Boebert,226
ALAMOSA,U.S. House,3,Republican Party,Scott R. Tipton,1071
ARCHULETA,U.S. House,3,Republican Party,Scott R. Tipton,1574
CONEJOS,U.S. House,3,Republican Party,Scott R. Tipton,730
COSTILLA,U.S. House,3,Republican Party,Scott R. Tipton,142
CUSTER,U.S. House,3,Republican Party,Scott R. Tipton,589
DELTA,U.S. House,3,Republican Party,Scott R. Tipton,2552
DOLORES,U.S. House,3,Republican Party,Scott R. Tipton,236
EAGLE,U.S. House,3,Republican Party,Scott R. Tipton,1658
GARFIELD,U.S. House,3,Republican Party,Scott R. Tipton,3576
GUNNISON,U.S. House,3,Republican Party,Scott R. Tipton,983
HINSDALE,U.S. House,3,Republican Party,Scott R. Tipton,113
HUERFANO,U.S. House,3,Republican Party,Scott R. Tipton,611
JACKSON,U.S. House,3,Republican Party,Scott R. Tipton,248
LA PLATA,U.S. House,3,Republican Party,Scott R. Tipton,3216
LAKE,U.S. House,3,Republican Party,Scott R. Tipton,258
MESA,U.S. House,3,Republican Party,Scott R. Tipton,10601
MINERAL,U.S. House,3,Republican Party,Scott R. Tipton,126
MOFFAT,U.S. House,3,Republican Party,Scott R. Tipton,1277
MONTEZUMA,U.S. House,3,Republican Party,Scott R. Tipton,3010
MONTROSE,U.S. House,3,Republican Party,Scott R. Tipton,3144
OURAY,U.S. House,3,Republican Party,Scott R. Tipton,561
PITKIN,U.S. House,3,Republican Party,Scott R. Tipton,603
PUEBLO,U.S. House,3,Republican Party,Scott R. Tipton,7752
RIO BLANCO,U.S. House,3,Republican Party,Scott R. Tipton,781
RIO GRANDE,U.S. House,3,Republican Party,Scott R. Tipton,1390
ROUTT,U.S. House,3,Republican Party,Scott R. Tipton,1457
SAGUACHE,U.S. House,3,Republican Party,Scott R. Tipton,306
SAN JUAN,U.S. House,3,Republican Party,Scott R. Tipton,33
SAN MIGUEL,U.S. House,3,Republican Party,Scott R. Tipton,207
ADAMS,U.S. House,4,Democratic Party,Ike McCorkle,519
ARAPAHOE,U.S. House,4,Democratic Party,Ike McCorkle,548
BACA,U.S. House,4,Democratic Party,Ike McCorkle,175
BENT,U.S. House,4,Democratic Party,Ike McCorkle,334
BOULDER,U.S. House,4,Democratic Party,Ike McCorkle,18683
CHEYENNE,U.S. House,4,Democratic Party,Ike McCorkle,46
CROWLEY,U.S. House,4,Democratic Party,Ike McCorkle,196
DOUGLAS,U.S. House,4,Democratic Party,Ike McCorkle,26521
ELBERT,U.S. House,4,Democratic Party,Ike McCorkle,2059
KIOWA,U.S. House,4,Democratic Party,Ike McCorkle,55
KIT CARSON,U.S. House,4,Democratic Party,Ike McCorkle,258
LAS ANIMAS,U.S. House,4,Democratic Party,Ike McCorkle,1829
LINCOLN,U.S. House,4,Democratic Party,Ike McCorkle,208
LOGAN,U.S. House,4,Democratic Party,Ike McCorkle,1066
MORGAN,U.S. House,4,Democratic Party,Ike McCorkle,1471
OTERO,U.S. House,4,Democratic Party,Ike McCorkle,1619
PHILLIPS,U.S. House,4,Democratic Party,Ike McCorkle,186
PROWERS,U.S. House,4,Democratic Party,Ike McCorkle,592
SEDGWICK,U.S. House,4,Democratic Party,Ike McCorkle,146
WASHINGTON,U.S. House,4,Democratic Party,Ike McCorkle,153
WELD,U.S. House,4,Democratic Party,Ike McCorkle,24659
YUMA,U.S. House,4,Democratic Party,Ike McCorkle,396
ADAMS,U.S. House,4,Republican Party,Ken Buck,1358
ARAPAHOE,U.S. House,4,Republican Party,Ken Buck,1464
BACA,U.S. House,4,Republican Party,Ken Buck,904
BENT,U.S. House,4,Republican Party,Ken Buck,632
BOULDER,U.S. House,4,Republican Party,Ken Buck,7003
CHEYENNE,U.S. House,4,Republican Party,Ken Buck,525
CROWLEY,U.S. House,4,Republican Party,Ken Buck,727
DOUGLAS,U.S. House,4,Republican Party,Ken Buck,31611
ELBERT,U.S. House,4,Republican Party,Ken Buck,5621
KIOWA,U.S. House,4,Republican Party,Ken Buck,287
KIT CARSON,U.S. House,4,Republican Party,Ken Buck,1620
LAS ANIMAS,U.S. House,4,Republican Party,Ken Buck,1407
LINCOLN,U.S. House,4,Republican Party,Ken Buck,986
LOGAN,U.S. House,4,Republican Party,Ken Buck,3553
MORGAN,U.S. House,4,Republican Party,Ken Buck,4034
OTERO,U.S. House,4,Republican Party,Ken Buck,2512
PHILLIPS,U.S. House,4,Republican Party,Ken Buck,916
PROWERS,U.S. House,4,Republican Party,Ken Buck,1481
SEDGWICK,U.S. House,4,Republican Party,Ken Buck,478
WASHINGTON,U.S. House,4,Republican Party,Ken Buck,1586
WELD,U.S. House,4,Republican Party,Ken Buck,38550
YUMA,U.S. House,4,Republican Party,Ken Buck,1975
CHAFFEE,U.S. House,5,Democratic Party,Jillian Freeland,3517
EL PASO,U.S. House,5,Democratic Party,Jillian Freeland,65752
FREMONT,U.S. House,5,Democratic Party,Jillian Freeland,3481
PARK,U.S. House,5,Democratic Party,Jillian Freeland,1095
TELLER,U.S. House,5,Democratic Party,Jillian Freeland,2188
CHAFFEE,U.S. House,5,Republican Party,Doug Lamborn,2798
EL PASO,U.S. House,5,Republican Party,Doug Lamborn,86410
FREMONT,U.S. House,5,Republican Party,Doug Lamborn,8183
PARK,U.S. House,5,Republican Party,Doug Lamborn,1676
TELLER,U.S. House,5,Republican Party,Doug Lamborn,5235
ADAMS,U.S. House,6,Democratic Party,Jason Crow,13580
ARAPAHOE,U.S. House,6,Democratic Party,Jason Crow,92806
DOUGLAS,U.S. House,6,Democratic Party,Jason Crow,16543
ADAMS,U.S. House,6,Republican Party,Steve House,9064
ARAPAHOE,U.S. House,6,Republican Party,Steve House,42372
DOUGLAS,U.S. House,6,Republican Party,Steve House,12199
ADAMS,U.S. House,7,Democratic Party,Ed Perlmutter,41922
JEFFERSON,U.S. House,7,Democratic Party,Ed Perlmutter,83958
ADAMS,U.S. House,7,Republican Party,"Charles ""Casper"" Stockham",17977
JEFFERSON,U.S. House,7,Republican Party,"Charles ""Casper"" Stockham",34511
ARAPAHOE,Director of State Board of Education,1,Democratic Party,Lisa Escárcega,7398
DENVER,Director of State Board of Education,1,Democratic Party,Lisa Escárcega,123071
JEFFERSON,Director of State Board of Education,1,Democratic Party,Lisa Escárcega,8116
ARAPAHOE,Director of State Board of Education,1,Democratic Party,Donna Morganstern,3098
DENVER,Director of State Board of Education,1,Democratic Party,Donna Morganstern,44843
JEFFERSON,Director of State Board of Education,1,Democratic Party,Donna Morganstern,3770
ARAPAHOE,Director of State Board of Education,1,Republican Party,Sydnnia Wulff,3430
DENVER,Director of State Board of Education,1,Republican Party,Sydnnia Wulff,20600
JEFFERSON,Director of State Board of Education,1,Republican Party,Sydnnia Wulff,9516
ALAMOSA,Director of State Board of Education,3,Democratic Party,Mayling Simpson,1934
ARCHULETA,Director of State Board of Education,3,Democratic Party,Mayling Simpson,1541
CONEJOS,Director of State Board of Education,3,Democratic Party,Mayling Simpson,1197
COSTILLA,Director of State Board of Education,3,Democratic Party,Mayling Simpson,848
CUSTER,Director of State Board of Education,3,Democratic Party,Mayling Simpson,466
DELTA,Director of State Board of Education,3,Democratic Party,Mayling Simpson,2695
DOLORES,Director of State Board of Education,3,Democratic Party,Mayling Simpson,119
EAGLE,Director of State Board of Education,3,Democratic Party,Mayling Simpson,5098
GARFIELD,Director of State Board of Education,3,Democratic Party,Mayling Simpson,5659
GUNNISON,Director of State Board of Education,3,Democratic Party,Mayling Simpson,2630
HINSDALE,Director of State Board of Education,3,Democratic Party,Mayling Simpson,79
HUERFANO,Director of State Board of Education,3,Democratic Party,Mayling Simpson,1130
JACKSON,Director of State Board of Education,3,Democratic Party,Mayling Simpson,65
LA PLATA,Director of State Board of Education,3,Democratic Party,Mayling Simpson,8407
LAKE,Director of State Board of Education,3,Democratic Party,Mayling Simpson,898
MESA,Director of State Board of Education,3,Democratic Party,Mayling Simpson,13028
MINERAL,Director of State Board of Education,3,Democratic Party,Mayling Simpson,151
MOFFAT,Director of State Board of Education,3,Democratic Party,Mayling Simpson,426
MONTEZUMA,Director of State Board of Education,3,Democratic Party,Mayling Simpson,2319
MONTROSE,Director of State Board of Education,3,Democratic Party,Mayling Simpson,3271
OURAY,Director of State Board of Education,3,Democratic Party,Mayling Simpson,1148
PITKIN,Director of State Board of Education,3,Democratic Party,Mayling Simpson,3436
PUEBLO,Director of State Board of Education,3,Democratic Party,Mayling Simpson,21689
RIO BLANCO,Director of State Board of Education,3,Democratic Party,Mayling Simpson,167
RIO GRANDE,Director of State Board of Education,3,Democratic Party,Mayling Simpson,1116
ROUTT,Director of State Board of Education,3,Democratic Party,Mayling Simpson,4117
SAGUACHE,Director of State Board of Education,3,Democratic Party,Mayling Simpson,952
SAN JUAN,Director of State Board of Education,3,Democratic Party,Mayling Simpson,113
SAN MIGUEL,Director of State Board of Education,3,Democratic Party,Mayling Simpson,1433
ALAMOSA,Director of State Board of Education,3,Republican Party,Joyce Rankin,1592
ARCHULETA,Director of State Board of Education,3,Republican Party,Joyce Rankin,2131
CONEJOS,Director of State Board of Education,3,Republican Party,Joyce Rankin,1023
COSTILLA,Director of State Board of Education,3,Republican Party,Joyce Rankin,196
CUSTER,Director of State Board of Education,3,Republican Party,Joyce Rankin,1034
DELTA,Director of State Board of Education,3,Republican Party,Joyce Rankin,5553
DOLORES,Director of State Board of Education,3,Republican Party,Joyce Rankin,407
EAGLE,Director of State Board of Education,3,Republican Party,Joyce Rankin,2491
GARFIELD,Director of State Board of Education,3,Republican Party,Joyce Rankin,6298
GUNNISON,Director of State Board of Education,3,Republican Party,Joyce Rankin,1473
HINSDALE,Director of State Board of Education,3,Republican Party,Joyce Rankin,161
HUERFANO,Director of State Board of Education,3,Republican Party,Joyce Rankin,859
JACKSON,Director of State Board of Education,3,Republican Party,Joyce Rankin,299
LA PLATA,Director of State Board of Education,3,Republican Party,Joyce Rankin,4962
LAKE,Director of State Board of Education,3,Republican Party,Joyce Rankin,384
MESA,Director of State Board of Education,3,Republican Party,Joyce Rankin,24692
MINERAL,Director of State Board of Education,3,Republican Party,Joyce Rankin,170
MOFFAT,Director of State Board of Education,3,Republican Party,Joyce Rankin,2491
MONTEZUMA,Director of State Board of Education,3,Republican Party,Joyce Rankin,4512
MONTROSE,Director of State Board of Education,3,Republican Party,Joyce Rankin,7268
OURAY,Director of State Board of Education,3,Republican Party,Joyce Rankin,799
PITKIN,Director of State Board of Education,3,Republican Party,Joyce Rankin,806
PUEBLO,Director of State Board of Education,3,Republican Party,Joyce Rankin,13547
RIO BLANCO,Director of State Board of Education,3,Republican Party,Joyce Rankin,1592
RIO GRANDE,Director of State Board of Education,3,Republican Party,Joyce Rankin,1822
ROUTT,Director of State Board of Education,3,Republican Party,Joyce Rankin,1920
SAGUACHE,Director of State Board of Education,3,Republican Party,Joyce Rankin,475
SAN JUAN,Director of State Board of Education,3,Republican Party,Joyce Rankin,43
SAN MIGUEL,Director of State Board of Education,3,Republican Party,Joyce Rankin,350
ADAMS,Director of State Board of Education,7,Democratic Party,Karla Esser,39933
JEFFERSON,Director of State Board of Education,7,Democratic Party,Karla Esser,78223
ADAMS,Director of State Board of Education,7,Republican Party,Nancy Pallozzi,17749
JEFFERSON,Director of State Board of Education,7,Republican Party,Nancy Pallozzi,34632
BOULDER,Regent of the University of Colorado,2,Democratic Party,Callie Rennison,34334
BROOMFIELD,Regent of the University of Colorado,2,Democratic Party,Callie Rennison,7572
CLEAR CREEK,Regent of the University of Colorado,2,Democratic Party,Callie Rennison,902
EAGLE,Regent of the University of Colorado,2,Democratic Party,Callie Rennison,997
GILPIN,Regent of the University of Colorado,2,Democratic Party,Callie Rennison,565
GRAND,Regent of the University of Colorado,2,Democratic Party,Callie Rennison,1008
JEFFERSON,Regent of the University of Colorado,2,Democratic Party,Callie Rennison,8569
LARIMER,Regent of the University of Colorado,2,Democratic Party,Callie Rennison,31917
PARK,Regent of the University of Colorado,2,Democratic Party,Callie Rennison,615
SUMMIT,Regent of the University of Colorado,2,Democratic Party,Callie Rennison,2425
BOULDER,Regent of the University of Colorado,2,Democratic Party,Dave Gross,20314
BROOMFIELD,Regent of the University of Colorado,2,Democratic Party,Dave Gross,4033
CLEAR CREEK,Regent of the University of Colorado,2,Democratic Party,Dave Gross,400
EAGLE,Regent of the University of Colorado,2,Democratic Party,Dave Gross,410
GILPIN,Regent of the University of Colorado,2,Democratic Party,Dave Gross,306
GRAND,Regent of the University of Colorado,2,Democratic Party,Dave Gross,433
JEFFERSON,Regent of the University of Colorado,2,Democratic Party,Dave Gross,4076
LARIMER,Regent of the University of Colorado,2,Democratic Party,Dave Gross,13179
PARK,Regent of the University of Colorado,2,Democratic Party,Dave Gross,284
SUMMIT,Regent of the University of Colorado,2,Democratic Party,Dave Gross,1146
BOULDER,Regent of the University of Colorado,2,Democratic Party,Aaron Harber,13564
BROOMFIELD,Regent of the University of Colorado,2,Democratic Party,Aaron Harber,3169
CLEAR CREEK,Regent of the University of Colorado,2,Democratic Party,Aaron Harber,364
EAGLE,Regent of the University of Colorado,2,Democratic Party,Aaron Harber,358
GILPIN,Regent of the University of Colorado,2,Democratic Party,Aaron Harber,223
GRAND,Regent of the University of Colorado,2,Democratic Party,Aaron Harber,441
JEFFERSON,Regent of the University of Colorado,2,Democratic Party,Aaron Harber,3388
LARIMER,Regent of the University of Colorado,2,Democratic Party,Aaron Harber,10283
PARK,Regent of the University of Colorado,2,Democratic Party,Aaron Harber,182
SUMMIT,Regent of the University of Colorado,2,Democratic Party,Aaron Harber,920
BOULDER,Regent of the University of Colorado,2,Republican Party,Dick R. Murphy,8427
BROOMFIELD,Regent of the University of Colorado,2,Republican Party,Dick R. Murphy,6657
CLEAR CREEK,Regent of the University of Colorado,2,Republican Party,Dick R. Murphy,952
EAGLE,Regent of the University of Colorado,2,Republican Party,Dick R. Murphy,540
GILPIN,Regent of the University of Colorado,2,Republican Party,Dick R. Murphy,556
GRAND,Regent of the University of Colorado,2,Republican Party,Dick R. Murphy,1758
JEFFERSON,Regent of the University of Colorado,2,Republican Party,Dick R. Murphy,9619
LARIMER,Regent of the University of Colorado,2,Republican Party,Dick R. Murphy,35659
PARK,Regent of the University of Colorado,2,Republican Party,Dick R. Murphy,1434
SUMMIT,Regent of the University of Colorado,2,Republican Party,Dick R. Murphy,1658
ADAMS,Regent of the University of Colorado,6,Democratic Party,Ilana Spiegel,12743
ARAPAHOE,Regent of the University of Colorado,6,Democratic Party,Ilana Spiegel,87513
DOUGLAS,Regent of the University of Colorado,6,Democratic Party,Ilana Spiegel,15257
ADAMS,Regent of the University of Colorado,6,Republican Party,Richard Murray,5919
ARAPAHOE,Regent of the University of Colorado,6,Republican Party,Richard Murray,27906
DOUGLAS,Regent of the University of Colorado,6,Republican Party,Richard Murray,8131
ADAMS,Regent of the University of Colorado,6,Republican Party,Priscilla Rahn,3541
ARAPAHOE,Regent of the University of Colorado,6,Republican Party,Priscilla Rahn,14790
DOUGLAS,Regent of the University of Colorado,6,Republican Party,Priscilla Rahn,4453
ADAMS,Regent of the University of Colorado,7,Democratic Party,Nolbert Chavez,40035
JEFFERSON,Regent of the University of Colorado,7,Democratic Party,Nolbert Chavez,77597
DOUGLAS,State Senator,4,Democratic Party,Elissa Flaumenhaft,19997
DOUGLAS,State Senator,4,Republican Party,Jim Smallwood,26061
GARFIELD,State Senator,8,Democratic Party,Karl Hanlon,4346
GRAND,State Senator,8,Democratic Party,Karl Hanlon,1106
JACKSON,State Senator,8,Democratic Party,Karl Hanlon,54
MOFFAT,State Senator,8,Democratic Party,Karl Hanlon,277
RIO BLANCO,State Senator,8,Democratic Party,Karl Hanlon,117
ROUTT,State Senator,8,Democratic Party,Karl Hanlon,2552
SUMMIT,State Senator,8,Democratic Party,Karl Hanlon,2395
GARFIELD,State Senator,8,Democratic Party,Arn Menconi,2656
GRAND,State Senator,8,Democratic Party,Arn Menconi,916
JACKSON,State Senator,8,Democratic Party,Arn Menconi,18
MOFFAT,State Senator,8,Democratic Party,Arn Menconi,201
RIO BLANCO,State Senator,8,Democratic Party,Arn Menconi,71
ROUTT,State Senator,8,Democratic Party,Arn Menconi,2097
SUMMIT,State Senator,8,Democratic Party,Arn Menconi,2625
GARFIELD,State Senator,8,Republican Party,Debra Irvine,1830
GRAND,State Senator,8,Republican Party,Debra Irvine,930
JACKSON,State Senator,8,Republican Party,Debra Irvine,213
MOFFAT,State Senator,8,Republican Party,Debra Irvine,1446
RIO BLANCO,State Senator,8,Republican Party,Debra Irvine,728
ROUTT,State Senator,8,Republican Party,Debra Irvine,753
SUMMIT,State Senator,8,Republican Party,Debra Irvine,973
GARFIELD,State Senator,8,Republican Party,Bob Rankin,5165
GRAND,State Senator,8,Republican Party,Bob Rankin,1229
JACKSON,State Senator,8,Republican Party,Bob Rankin,198
MOFFAT,State Senator,8,Republican Party,Bob Rankin,1577
RIO BLANCO,State Senator,8,Republican Party,Bob Rankin,1168
ROUTT,State Senator,8,Republican Party,Bob Rankin,1510
SUMMIT,State Senator,8,Republican Party,Bob Rankin,958
EL PASO,State Senator,10,Democratic Party,Randi McCallian,14822
EL PASO,State Senator,10,Republican Party,Larry G. Liston,20258
EL PASO,State Senator,12,Democratic Party,Electra Johnson,13355
EL PASO,State Senator,12,Republican Party,Bob Gardner,17947
LARIMER,State Senator,14,Democratic Party,Joann Ginal,29452
LARIMER,State Senator,14,Republican Party,Hans D. Hochheimer,10555
BOULDER,State Senator,17,Democratic Party,Sonya Jaquez Lewis,36163
BOULDER,State Senator,17,Republican Party,Matthew D. Menza,10009
BOULDER,State Senator,18,Democratic Party,Steve Fenberg,40036
BOULDER,State Senator,18,Republican Party,Peg Cage,4673
JEFFERSON,State Senator,19,Democratic Party,Rachel Zenzinger,27598
JEFFERSON,State Senator,19,Republican Party,Lynn Gerber,13926
ADAMS,State Senator,21,Democratic Party,Dominick Moreno,16154
ADAMS,State Senator,21,Republican Party,Martín Mendez,6320
BROOMFIELD,State Senator,23,Democratic Party,Sally Boccella,8043
LARIMER,State Senator,23,Democratic Party,Sally Boccella,1728
WELD,State Senator,23,Democratic Party,Sally Boccella,6878
BROOMFIELD,State Senator,23,Democratic Party,Galina Nicoll,6954
LARIMER,State Senator,23,Democratic Party,Galina Nicoll,1197
WELD,State Senator,23,Democratic Party,Galina Nicoll,5144
BROOMFIELD,State Senator,23,Republican Party,Rupert Parchment,3119
LARIMER,State Senator,23,Republican Party,Rupert Parchment,1925
WELD,State Senator,23,Republican Party,Rupert Parchment,7282
BROOMFIELD,State Senator,23,Republican Party,Barbara Kirkmeyer,4044
LARIMER,State Senator,23,Republican Party,Barbara Kirkmeyer,2157
WELD,State Senator,23,Republican Party,Barbara Kirkmeyer,9008
ADAMS,State Senator,25,Democratic Party,Paula Dickerson,15477
ADAMS,State Senator,25,Republican Party,Kevin Priola,11135
ARAPAHOE,State Senator,26,Democratic Party,Jeff Bridges,27578
ARAPAHOE,State Senator,26,Republican Party,Bob Roth,12142
ARAPAHOE,State Senator,27,Democratic Party,Chris Kolker,26173
ARAPAHOE,State Senator,27,Republican Party,Suzanne Staiert,14638
ARAPAHOE,State Senator,28,Democratic Party,Janet Buckner,24483
ARAPAHOE,State Senator,28,Republican Party,Karl Stecher,11157
ARAPAHOE,State Senator,29,Democratic Party,Rhonda Fields,20226
ARAPAHOE,State Senator,31,Democratic Party,Chris Hansen,771
DENVER,State Senator,31,Democratic Party,Chris Hansen,23668
ARAPAHOE,State Senator,31,Democratic Party,Maria E. Orms,886
DENVER,State Senator,31,Democratic Party,Maria E. Orms,21030
ARAPAHOE,State Senator,31,Republican Party,Doug Townsend,300
DENVER,State Senator,31,Republican Party,Doug Townsend,6462
DENVER,State Senator,33,Democratic Party,James Rashad Coleman,40537
ALAMOSA,State Senator,35,Democratic Party,Carlos R. Lopez,2025
BACA,State Senator,35,Democratic Party,Carlos R. Lopez,172
BENT,State Senator,35,Democratic Party,Carlos R. Lopez,364
CONEJOS,State Senator,35,Democratic Party,Carlos R. Lopez,1306
COSTILLA,State Senator,35,Democratic Party,Carlos R. Lopez,908
CROWLEY,State Senator,35,Democratic Party,Carlos R. Lopez,210
CUSTER,State Senator,35,Democratic Party,Carlos R. Lopez,474
HUERFANO,State Senator,35,Democratic Party,Carlos R. Lopez,1173
KIOWA,State Senator,35,Democratic Party,Carlos R. Lopez,57
LAS ANIMAS,State Senator,35,Democratic Party,Carlos R. Lopez,2043
MINERAL,State Senator,35,Democratic Party,Carlos R. Lopez,151
OTERO,State Senator,35,Democratic Party,Carlos R. Lopez,1674
PROWERS,State Senator,35,Democratic Party,Carlos R. Lopez,619
PUEBLO,State Senator,35,Democratic Party,Carlos R. Lopez,2311
RIO GRANDE,State Senator,35,Democratic Party,Carlos R. Lopez,1154
SAGUACHE,State Senator,35,Democratic Party,Carlos R. Lopez,968
ALAMOSA,State Senator,35,Republican Party,Cleave Simpson,1793
BACA,State Senator,35,Republican Party,Cleave Simpson,842
BENT,State Senator,35,Republican Party,Cleave Simpson,603
CONEJOS,State Senator,35,Republican Party,Cleave Simpson,1080
COSTILLA,State Senator,35,Republican Party,Cleave Simpson,202
CROWLEY,State Senator,35,Republican Party,Cleave Simpson,682
CUSTER,State Senator,35,Republican Party,Cleave Simpson,1041
HUERFANO,State Senator,35,Republican Party,Cleave Simpson,857
KIOWA,State Senator,35,Republican Party,Cleave Simpson,262
LAS ANIMAS,State Senator,35,Republican Party,Cleave Simpson,1384
MINERAL,State Senator,35,Republican Party,Cleave Simpson,170
OTERO,State Senator,35,Republican Party,Cleave Simpson,2387
PROWERS,State Senator,35,Republican Party,Cleave Simpson,1412
PUEBLO,State Senator,35,Republican Party,Cleave Simpson,2419
RIO GRANDE,State Senator,35,Republican Party,Cleave Simpson,1886
SAGUACHE,State Senator,35,Republican Party,Cleave Simpson,484
DENVER,State Representative,1,Democratic Party,Susan Lontine,11590
JEFFERSON,State Representative,1,Democratic Party,Susan Lontine,54
DENVER,State Representative,1,Republican Party,Samantha Koch,3742
JEFFERSON,State Representative,1,Republican Party,Samantha Koch,35
DENVER,State Representative,2,Democratic Party,Alec Garnett,25709
DENVER,State Representative,2,Republican Party,Victoria Partridge,2566
ARAPAHOE,State Representative,3,Democratic Party,Meg Froelich,14512
ARAPAHOE,State Representative,3,Republican Party,"William S. ""Bill"" Klocek",6052
DENVER,State Representative,4,Democratic Party,Serena Gonzales-Gutierrez,18856
DENVER,State Representative,4,Republican Party,Grant Price,1790
DENVER,State Representative,5,Democratic Party,Alex Valdez,18082
DENVER,State Representative,5,Republican Party,Jonathan Woodley,1781
DENVER,State Representative,6,Democratic Party,Steven Woodrow,11143
DENVER,State Representative,6,Democratic Party,Steven Paletz,7560
DENVER,State Representative,6,Democratic Party,Dan Himelspach,5673
DENVER,State Representative,6,Republican Party,Bill McAleb,3944
DENVER,State Representative,7,Democratic Party,Jennifer Bacon,18805
DENVER,State Representative,8,Democratic Party,Leslie Herod,27851
ARAPAHOE,State Representative,9,Democratic Party,Emily Sirota,1517
DENVER,State Representative,9,Democratic Party,Emily Sirota,16767
ARAPAHOE,State Representative,9,Republican Party,Larry L. Braig,297
DENVER,State Representative,9,Republican Party,Larry L. Braig,3661
BOULDER,State Representative,10,Democratic Party,Edie Hooton,20759
BOULDER,State Representative,10,Republican Party,Kenneth J. Stickney,1782
BOULDER,State Representative,11,Democratic Party,Karen McCormick,17470
BOULDER,State Representative,11,Republican Party,Mark Milliman,5951
BOULDER,State Representative,12,Democratic Party,Tracey Bernett,21873
BOULDER,State Representative,12,Republican Party,Eric J. Davila,4909
BOULDER,State Representative,13,Democratic Party,Judy Amabile,13657
CLEAR CREEK,State Representative,13,Democratic Party,Judy Amabile,1603
GILPIN,State Representative,13,Democratic Party,Judy Amabile,1023
GRAND,State Representative,13,Democratic Party,Judy Amabile,1785
JACKSON,State Representative,13,Democratic Party,Judy Amabile,63
BOULDER,State Representative,13,Republican Party,Kevin Sipple,1130
CLEAR CREEK,State Representative,13,Republican Party,Kevin Sipple,956
GILPIN,State Representative,13,Republican Party,Kevin Sipple,558
GRAND,State Representative,13,Republican Party,Kevin Sipple,1787
JACKSON,State Representative,13,Republican Party,Kevin Sipple,305
EL PASO,State Representative,14,Democratic Party,John Foley,8855
EL PASO,State Representative,14,Republican Party,Shane Sandridge,14366
EL PASO,State Representative,15,Democratic Party,John Pyne IV,7551
EL PASO,State Representative,15,Republican Party,Dave Williams,11168
EL PASO,State Representative,16,Democratic Party,Stephanie Vigil,8189
EL PASO,State Representative,16,Republican Party,Andres G. Pico,10521
EL PASO,State Representative,17,Democratic Party,"Thomas ""Tony"" Exum Sr.",5940
EL PASO,State Representative,17,Republican Party,Rob Blancken,4289
EL PASO,State Representative,18,Democratic Party,Marc Snyder,12270
EL PASO,State Representative,18,Republican Party,George M. Rapko,6946
EL PASO,State Representative,19,Democratic Party,Joe Thompson,7829
EL PASO,State Representative,19,Republican Party,Tim Geitner,19797
EL PASO,State Representative,20,Democratic Party,Meg Fossinger,6371
EL PASO,State Representative,20,Democratic Party,Susan Crutchfield,3640
EL PASO,State Representative,20,Republican Party,Terri Carver,11777
EL PASO,State Representative,21,Democratic Party,Liz Rosenbaum,5345
EL PASO,State Representative,21,Republican Party,Mary Bradfield,6690
JEFFERSON,State Representative,22,Democratic Party,Mary Parker,12464
JEFFERSON,State Representative,22,Republican Party,Justin Everett,5266
JEFFERSON,State Representative,22,Republican Party,Colin Larson,6760
JEFFERSON,State Representative,23,Democratic Party,Chris Kennedy,15352
JEFFERSON,State Representative,23,Republican Party,Fred Clifford,6290
JEFFERSON,State Representative,24,Democratic Party,Monica Duran,16216
JEFFERSON,State Representative,24,Republican Party,Laurel Imer,6197
JEFFERSON,State Representative,25,Democratic Party,Lisa A. Cutter,15712
JEFFERSON,State Representative,25,Republican Party,Donald Rosier,9460
EAGLE,State Representative,26,Democratic Party,Dylan Roberts,7227
ROUTT,State Representative,26,Democratic Party,Dylan Roberts,4632
JEFFERSON,State Representative,27,Democratic Party,Brianna Titone,17469
JEFFERSON,State Representative,27,Republican Party,Vicki Pyne,10199
JEFFERSON,State Representative,28,Democratic Party,Kerry Tipper,13844
JEFFERSON,State Representative,28,Republican Party,"Marijane Paulsen (Pedro ""Pete"" Roybal)",6025
JEFFERSON,State Representative,29,Democratic Party,Lindsey N. Daugherty,13527
JEFFERSON,State Representative,29,Republican Party,Vanessa DeMott,6294
ADAMS,State Representative,30,Democratic Party,Dafna Michaelson Jenet,8892
ADAMS,State Representative,30,Republican Party,Kerrie Gutierrez,2643
ADAMS,State Representative,30,Republican Party,Cynthia M. Sarmiento,2321
ADAMS,State Representative,31,Democratic Party,Yadira Caraveo,9677
ADAMS,State Representative,32,Democratic Party,Adrienne Benavidez,7782
ADAMS,State Representative,32,Republican Party,Tony Caputo,2573
BOULDER,State Representative,33,Democratic Party,Matt Gray,5931
BROOMFIELD,State Representative,33,Democratic Party,Matt Gray,14442
BOULDER,State Representative,33,Republican Party,Mindy Quiachon,1487
BROOMFIELD,State Representative,33,Republican Party,Mindy Quiachon,6668
ADAMS,State Representative,34,Democratic Party,Kyle Mullica,8667
ADAMS,State Representative,34,Republican Party,Audrey Herman,2061
ADAMS,State Representative,34,Republican Party,Mark Bromley,2805
ADAMS,State Representative,35,Democratic Party,Shannon Bird,12011
ADAMS,State Representative,35,Republican Party,Roger Lehman,5260
ARAPAHOE,State Representative,36,Democratic Party,Mike Weissman,11956
ARAPAHOE,State Representative,36,Republican Party,Dustin Bishop,5148
ARAPAHOE,State Representative,37,Democratic Party,Tom Sullivan,14160
ARAPAHOE,State Representative,37,Republican Party,Caroline Cornell,7608
ARAPAHOE,State Representative,38,Democratic Party,David Ortiz,12153
ARAPAHOE,State Representative,38,Democratic Party,Candice Ferguson,6448
ARAPAHOE,State Representative,38,Republican Party,Richard Champion,10064
DOUGLAS,State Representative,39,Democratic Party,Ian Chapman,7720
TELLER,State Representative,39,Democratic Party,Ian Chapman,2155
DOUGLAS,State Representative,39,Republican Party,Mark Baisley,9922
TELLER,State Representative,39,Republican Party,Mark Baisley,5116
ARAPAHOE,State Representative,40,Democratic Party,John Ronquillo,6793
ARAPAHOE,State Representative,40,Democratic Party,Naquetta Ricks,7203
ARAPAHOE,State Representative,40,Republican Party,Richard A. Bassett,5928
ARAPAHOE,State Representative,41,Democratic Party,Iman Jodeh,13233
ARAPAHOE,State Representative,41,Republican Party,"Robert ""Bob"" Andrews",5074
ARAPAHOE,State Representative,42,Democratic Party,Dominique Jackson,8932
DOUGLAS,State Representative,43,Democratic Party,Jennifer Mitkowski,11855
DOUGLAS,State Representative,43,Republican Party,Kevin Van Winkle,9366
DOUGLAS,State Representative,44,Democratic Party,Kyra D. Storojev,10805
DOUGLAS,State Representative,44,Republican Party,Kim Ransom,10408
DOUGLAS,State Representative,45,Democratic Party,Katie Barrett,11471
DOUGLAS,State Representative,45,Republican Party,Patrick Neville,14800
PUEBLO,State Representative,46,Democratic Party,Daneya Esgar,12340
PUEBLO,State Representative,46,Republican Party,Jonathan Ambler,5815
PUEBLO,State Representative,46,Republican Party,Alexander Lucero-Mugatu,1948
FREMONT,State Representative,47,Democratic Party,Bri Buentello,456
OTERO,State Representative,47,Democratic Party,Bri Buentello,1702
PUEBLO,State Representative,47,Democratic Party,Bri Buentello,7114
FREMONT,State Representative,47,Republican Party,Stephanie Luck,1012
OTERO,State Representative,47,Republican Party,Stephanie Luck,1224
PUEBLO,State Representative,47,Republican Party,Stephanie Luck,2800
FREMONT,State Representative,47,Republican Party,Ron Parker,460
OTERO,State Representative,47,Republican Party,Ron Parker,1374
PUEBLO,State Representative,47,Republican Party,Ron Parker,2834
WELD,State Representative,48,Democratic Party,Holly A. Herson,7829
WELD,State Representative,48,Republican Party,Grady Nouis,7026
WELD,State Representative,48,Republican Party,Tonya Van Beber,8939
LARIMER,State Representative,49,Democratic Party,Yara Hanlin Zokaie,11306
WELD,State Representative,49,Democratic Party,Yara Hanlin Zokaie,2300
LARIMER,State Representative,49,Republican Party,Vicki Marble,4561
WELD,State Representative,49,Republican Party,Vicki Marble,1641
LARIMER,State Representative,49,Republican Party,Mike Lynch,9490
WELD,State Representative,49,Republican Party,Mike Lynch,3116
WELD,State Representative,50,Democratic Party,Mary Young,5398
LARIMER,State Representative,51,Republican Party,Hugh McKean,12050
LARIMER,State Representative,52,Democratic Party,Cathy Kipp,17276
LARIMER,State Representative,52,Republican Party,Donna Walter,7083
LARIMER,State Representative,53,Democratic Party,Jeni Arndt,13943
DELTA,State Representative,54,Democratic Party,AliceMarie Slaven-Emond,661
MESA,State Representative,54,Democratic Party,AliceMarie Slaven-Emond,5025
DELTA,State Representative,54,Republican Party,Matt Soper,1959
MESA,State Representative,54,Republican Party,Matt Soper,12311
MESA,State Representative,55,Democratic Party,Scott Beilfuss,7990
MESA,State Representative,55,Republican Party,Janice Rich,13050
ADAMS,State Representative,56,Democratic Party,Giugi Carminati,6295
ARAPAHOE,State Representative,56,Democratic Party,Giugi Carminati,5710
ADAMS,State Representative,56,Republican Party,Rod Bockenfeld,7062
ARAPAHOE,State Representative,56,Republican Party,Rod Bockenfeld,5274
GARFIELD,State Representative,57,Democratic Party,Colin Wilhelm,5623
MOFFAT,State Representative,57,Democratic Party,Colin Wilhelm,415
RIO BLANCO,State Representative,57,Democratic Party,Colin Wilhelm,163
GARFIELD,State Representative,57,Republican Party,Perry Will,6448
MOFFAT,State Representative,57,Republican Party,Perry Will,2479
RIO BLANCO,State Representative,57,Republican Party,Perry Will,1617
DOLORES,State Representative,58,Democratic Party,Seth Cagin,121
MONTEZUMA,State Representative,58,Democratic Party,Seth Cagin,2335
MONTROSE,State Representative,58,Democratic Party,Seth Cagin,3302
SAN MIGUEL,State Representative,58,Democratic Party,Seth Cagin,1629
DOLORES,State Representative,58,Republican Party,Marc Catlin,423
MONTEZUMA,State Representative,58,Republican Party,Marc Catlin,4578
MONTROSE,State Representative,58,Republican Party,Marc Catlin,7688
SAN MIGUEL,State Representative,58,Republican Party,Marc Catlin,362
ARCHULETA,State Representative,59,Democratic Party,Barbara McLachlan,1607
GUNNISON,State Representative,59,Democratic Party,Barbara McLachlan,1164
HINSDALE,State Representative,59,Democratic Party,Barbara McLachlan,100
LA PLATA,State Representative,59,Democratic Party,Barbara McLachlan,9270
OURAY,State Representative,59,Democratic Party,Barbara McLachlan,1234
SAN JUAN,State Representative,59,Democratic Party,Barbara McLachlan,141
ARCHULETA,State Representative,59,Republican Party,Marilyn Harris,2168
GUNNISON,State Representative,59,Republican Party,Marilyn Harris,822
HINSDALE,State Representative,59,Republican Party,Marilyn Harris,165
LA PLATA,State Representative,59,Republican Party,Marilyn Harris,4963
OURAY,State Representative,59,Republican Party,Marilyn Harris,795
SAN JUAN,State Representative,59,Republican Party,Marilyn Harris,43
CHAFFEE,State Representative,60,Democratic Party,Lori Boydston,3501
CUSTER,State Representative,60,Democratic Party,Lori Boydston,468
FREMONT,State Representative,60,Democratic Party,Lori Boydston,3001
PARK,State Representative,60,Democratic Party,Lori Boydston,2149
CHAFFEE,State Representative,60,Republican Party,Ron Hanks,2717
CUSTER,State Representative,60,Republican Party,Ron Hanks,1071
FREMONT,State Representative,60,Republican Party,Ron Hanks,6660
PARK,State Representative,60,Republican Party,Ron Hanks,3111
DELTA,State Representative,61,Democratic Party,Julie McCluskie,2143
GUNNISON,State Representative,61,Democratic Party,Julie McCluskie,1606
LAKE,State Representative,61,Democratic Party,Julie McCluskie,962
PITKIN,State Representative,61,Democratic Party,Julie McCluskie,3518
SUMMIT,State Representative,61,Democratic Party,Julie McCluskie,4967
DELTA,State Representative,61,Republican Party,Kim McGahey,3717
GUNNISON,State Representative,61,Republican Party,Kim McGahey,642
LAKE,State Representative,61,Republican Party,Kim McGahey,380
PITKIN,State Representative,61,Republican Party,Kim McGahey,785
SUMMIT,State Representative,61,Republican Party,Kim McGahey,1711
ALAMOSA,State Representative,62,Democratic Party,Matthew Martinez,876
CONEJOS,State Representative,62,Democratic Party,Matthew Martinez,346
COSTILLA,State Representative,62,Democratic Party,Matthew Martinez,361
HUERFANO,State Representative,62,Democratic Party,Matthew Martinez,541
MINERAL,State Representative,62,Democratic Party,Matthew Martinez,90
PUEBLO,State Representative,62,Democratic Party,Matthew Martinez,1709
RIO GRANDE,State Representative,62,Democratic Party,Matthew Martinez,650
SAGUACHE,State Representative,62,Democratic Party,Matthew Martinez,654
ALAMOSA,State Representative,62,Democratic Party,Donald E. Valdez,1572
CONEJOS,State Representative,62,Democratic Party,Donald E. Valdez,1167
COSTILLA,State Representative,62,Democratic Party,Donald E. Valdez,796
HUERFANO,State Representative,62,Democratic Party,Donald E. Valdez,892
MINERAL,State Representative,62,Democratic Party,Donald E. Valdez,106
PUEBLO,State Representative,62,Democratic Party,Donald E. Valdez,1765
RIO GRANDE,State Representative,62,Democratic Party,Donald E. Valdez,685
SAGUACHE,State Representative,62,Democratic Party,Donald E. Valdez,542
ALAMOSA,State Representative,62,Republican Party,Logan Taggart,1160
CONEJOS,State Representative,62,Republican Party,Logan Taggart,783
COSTILLA,State Representative,62,Republican Party,Logan Taggart,149
HUERFANO,State Representative,62,Republican Party,Logan Taggart,676
MINERAL,State Representative,62,Republican Party,Logan Taggart,124
PUEBLO,State Representative,62,Republican Party,Logan Taggart,920
RIO GRANDE,State Representative,62,Republican Party,Logan Taggart,1342
SAGUACHE,State Representative,62,Republican Party,Logan Taggart,346
ALAMOSA,State Representative,62,Republican Party,Steven Rodriguez,569
CONEJOS,State Representative,62,Republican Party,Steven Rodriguez,344
COSTILLA,State Representative,62,Republican Party,Steven Rodriguez,61
HUERFANO,State Representative,62,Republican Party,Steven Rodriguez,285
MINERAL,State Representative,62,Republican Party,Steven Rodriguez,53
PUEBLO,State Representative,62,Republican Party,Steven Rodriguez,462
RIO GRANDE,State Representative,62,Republican Party,Steven Rodriguez,626
SAGUACHE,State Representative,62,Republican Party,Steven Rodriguez,155
WELD,State Representative,63,Democratic Party,Gen Schneider,9257
WELD,State Representative,63,Republican Party,Patricia E. Miller,5196
WELD,State Representative,63,Republican Party,Dan Woog,8620
WELD,State Representative,63,Republican Party,Corey Seulean,114
BACA,State Representative,64,Democratic Party,Dean Ormiston,213
BENT,State Representative,64,Democratic Party,Dean Ormiston,346
CROWLEY,State Representative,64,Democratic Party,Dean Ormiston,193
ELBERT,State Representative,64,Democratic Party,Dean Ormiston,2016
KIOWA,State Representative,64,Democratic Party,Dean Ormiston,54
LAS ANIMAS,State Representative,64,Democratic Party,Dean Ormiston,1819
LINCOLN,State Representative,64,Democratic Party,Dean Ormiston,207
PROWERS,State Representative,64,Democratic Party,Dean Ormiston,603
WASHINGTON,State Representative,64,Democratic Party,Dean Ormiston,152
BACA,State Representative,64,Republican Party,Richard Holtorf,838
BENT,State Representative,64,Republican Party,Richard Holtorf,602
CROWLEY,State Representative,64,Republican Party,Richard Holtorf,689
ELBERT,State Representative,64,Republican Party,Richard Holtorf,5569
KIOWA,State Representative,64,Republican Party,Richard Holtorf,263
LAS ANIMAS,State Representative,64,Republican Party,Richard Holtorf,1380
LINCOLN,State Representative,64,Republican Party,Richard Holtorf,960
PROWERS,State Representative,64,Republican Party,Richard Holtorf,1420
WASHINGTON,State Representative,64,Republican Party,Richard Holtorf,1698
CHEYENNE,State Representative,65,Republican Party,Rod Pelton,548
KIT CARSON,State Representative,65,Republican Party,Rod Pelton,1682
LOGAN,State Representative,65,Republican Party,Rod Pelton,3644
MORGAN,State Representative,65,Republican Party,Rod Pelton,3967
PHILLIPS,State Representative,65,Republican Party,Rod Pelton,897
SEDGWICK,State Representative,65,Republican Party,Rod Pelton,482
YUMA,State Representative,65,Republican Party,Rod Pelton,1967
GILPIN,District Attorney,1,Democratic Party,Jake Lilly,402
JEFFERSON,District Attorney,1,Democratic Party,Jake Lilly,37475
GILPIN,District Attorney,1,Democratic Party,Alexis King,723
JEFFERSON,District Attorney,1,Democratic Party,Alexis King,78274
GILPIN,District Attorney,1,Republican Party,Matthew Durkin,566
JEFFERSON,District Attorney,1,Republican Party,Matthew Durkin,55560
DENVER,District Attorney,2,Democratic Party,Beth McCann,154984
HUERFANO,District Attorney,3,Democratic Party,Henry L. Solano,1016
LAS ANIMAS,District Attorney,3,Democratic Party,Henry L. Solano,1864
EL PASO,District Attorney,4,Republican Party,Michael Allen,48121
TELLER,District Attorney,4,Republican Party,Michael Allen,3209
EL PASO,District Attorney,4,Republican Party,Mark Waller,41090
TELLER,District Attorney,4,Republican Party,Mark Waller,2074
CLEAR CREEK,District Attorney,5,Democratic Party,Heidi McCollum,1384
EAGLE,District Attorney,5,Democratic Party,Heidi McCollum,5607
LAKE,District Attorney,5,Democratic Party,Heidi McCollum,735
SUMMIT,District Attorney,5,Democratic Party,Heidi McCollum,3391
CLEAR CREEK,District Attorney,5,Democratic Party,Braden Christopher Angel,401
EAGLE,District Attorney,5,Democratic Party,Braden Christopher Angel,2802
LAKE,District Attorney,5,Democratic Party,Braden Christopher Angel,384
SUMMIT,District Attorney,5,Democratic Party,Braden Christopher Angel,1750
ARCHULETA,District Attorney,6,Democratic Party,Christian Champagne,1538
LA PLATA,District Attorney,6,Democratic Party,Christian Champagne,8676
SAN JUAN,District Attorney,6,Democratic Party,Christian Champagne,120
DELTA,District Attorney,7,Republican Party,Seth D. Ryan,5510
GUNNISON,District Attorney,7,Republican Party,Seth D. Ryan,1458
HINSDALE,District Attorney,7,Republican Party,Seth D. Ryan,169
MONTROSE,District Attorney,7,Republican Party,Seth D. Ryan,7245
OURAY,District Attorney,7,Republican Party,Seth D. Ryan,796
SAN MIGUEL,District Attorney,7,Republican Party,Seth D. Ryan,358
JACKSON,District Attorney,8,Democratic Party,Gordon McLaughlin,65
LARIMER,District Attorney,8,Democratic Party,Gordon McLaughlin,52530
JACKSON,District Attorney,8,Republican Party,Mitch Murray,315
LARIMER,District Attorney,8,Republican Party,Mitch Murray,36219
GARFIELD,District Attorney,9,Republican Party,Jefferson J. Cheney,6260
PITKIN,District Attorney,9,Republican Party,Jefferson J. Cheney,796
RIO BLANCO,District Attorney,9,Republican Party,Jefferson J. Cheney,1584
PUEBLO,District Attorney,10,Democratic Party,Jeff Chostner,22392
CHAFFEE,District Attorney,11,Democratic Party,Kaitlin Turner,3523
CUSTER,District Attorney,11,Democratic Party,Kaitlin Turner,474
FREMONT,District Attorney,11,Democratic Party,Kaitlin Turner,3486
PARK,District Attorney,11,Democratic Party,Kaitlin Turner,2152
CHAFFEE,District Attorney,11,Republican Party,Linda Stanley,1399
CUSTER,District Attorney,11,Republican Party,Linda Stanley,754
FREMONT,District Attorney,11,Republican Party,Linda Stanley,4403
PARK,District Attorney,11,Republican Party,Linda Stanley,1664
CHAFFEE,District Attorney,11,Republican Party,Thom K. LeDoux,1311
CUSTER,District Attorney,11,Republican Party,Thom K. LeDoux,508
FREMONT,District Attorney,11,Republican Party,Thom K. LeDoux,4271
PARK,District Attorney,11,Republican Party,Thom K. LeDoux,1509
ALAMOSA,District Attorney,12,Democratic Party,Robert S. Willett,1103
CONEJOS,District Attorney,12,Democratic Party,Robert S. Willett,457
COSTILLA,District Attorney,12,Democratic Party,Robert S. Willett,287
MINERAL,District Attorney,12,Democratic Party,Robert S. Willett,99
RIO GRANDE,District Attorney,12,Democratic Party,Robert S. Willett,512
SAGUACHE,District Attorney,12,Democratic Party,Robert S. Willett,400
ALAMOSA,District Attorney,12,Democratic Party,Alonzo Christopher Payne,1257
CONEJOS,District Attorney,12,Democratic Party,Alonzo Christopher Payne,941
COSTILLA,District Attorney,12,Democratic Party,Alonzo Christopher Payne,897
MINERAL,District Attorney,12,Democratic Party,Alonzo Christopher Payne,90
RIO GRANDE,District Attorney,12,Democratic Party,Alonzo Christopher Payne,749
SAGUACHE,District Attorney,12,Democratic Party,Alonzo Christopher Payne,720
KIT CARSON,District Attorney,13,Republican Party,Travis Sides,1497
LOGAN,District Attorney,13,Republican Party,Travis Sides,3592
MORGAN,District Attorney,13,Republican Party,Travis Sides,3896
PHILLIPS,District Attorney,13,Republican Party,Travis Sides,867
SEDGWICK,District Attorney,13,Republican Party,Travis Sides,461
WASHINGTON,District Attorney,13,Republican Party,Travis Sides,1499
YUMA,District Attorney,13,Republican Party,Travis Sides,1888
BACA,District Attorney,15,Republican Party,Joshua Vogel,857
CHEYENNE,District Attorney,15,Republican Party,Joshua Vogel,467
KIOWA,District Attorney,15,Republican Party,Joshua Vogel,247
PROWERS,District Attorney,15,Republican Party,Joshua Vogel,1438
BENT,District Attorney,16,Democratic Party,Rodney D. Fouracre,337
CROWLEY,District Attorney,16,Democratic Party,Rodney D. Fouracre,197
OTERO,District Attorney,16,Democratic Party,Rodney D. Fouracre,1683
BENT,District Attorney,16,Republican Party,William Culver,600
CROWLEY,District Attorney,16,Republican Party,William Culver,668
OTERO,District Attorney,16,Republican Party,William Culver,2404
ADAMS,District Attorney,17,Democratic Party,Brian Mason,52714
BROOMFIELD,District Attorney,17,Democratic Party,Brian Mason,14136
ADAMS,District Attorney,17,Republican Party,Tim McCormack,29758
BROOMFIELD,District Attorney,17,Republican Party,Tim McCormack,6707
ARAPAHOE,District Attorney,18,Democratic Party,Amy L. Padden,76366
DOUGLAS,District Attorney,18,Democratic Party,Amy L. Padden,33955
ELBERT,District Attorney,18,Democratic Party,Amy L. Padden,1741
LINCOLN,District Attorney,18,Democratic Party,Amy L. Padden,162
ARAPAHOE,District Attorney,18,Democratic Party,Matt Maillaro,30657
DOUGLAS,District Attorney,18,Democratic Party,Matt Maillaro,12949
ELBERT,District Attorney,18,Democratic Party,Matt Maillaro,611
LINCOLN,District Attorney,18,Democratic Party,Matt Maillaro,80
ARAPAHOE,District Attorney,18,Republican Party,John Kellner,48093
DOUGLAS,District Attorney,18,Republican Party,John Kellner,44398
ELBERT,District Attorney,18,Republican Party,John Kellner,5563
LINCOLN,District Attorney,18,Republican Party,John Kellner,920
WELD,District Attorney,19,Republican Party,Michael J. Rourke,37502
BOULDER,District Attorney,20,Democratic Party,Michael Dougherty,79203
MESA,District Attorney,21,Republican Party,Daniel Paul Rubinstein,25251
DOLORES,District Attorney,22,Republican Party,Matthew Gregory Margeson,407
MONTEZUMA,District Attorney,22,Republican Party,Matthew Gregory Margeson,4538
